{
  "trained_at": "2026-05-04T05:40:19.009518+05:30",
  "ml_start_year": 2018,
  "rows_raw": 3524,
  "rows_features": 3365,
  "latest_completed_race_id": "2026-3",
  "metrics": {
    "win": {
      "auc": 1.0,
      "brier": 0.017071606216631424,
      "validation_rows": 55
    },
    "podium": {
      "auc": 0.9758454106280193,
      "brier": 0.05880184975766711,
      "validation_rows": 55
    },
    "top10": {
      "auc": 0.7791005291005291,
      "brier": 0.20545658497847594,
      "validation_rows": 55
    }
  },
  "feature_columns": [
    "grid_position",
    "qualifying_position",
    "sprint_position",
    "driver_avg_finish",
    "driver_median_finish",
    "driver_avg_points",
    "driver_win_rate",
    "driver_podium_rate",
    "driver_top10_rate",
    "driver_finish_rate",
    "driver_recent3_finish",
    "driver_recent5_points",
    "driver_recent5_podium_rate",
    "team_avg_finish",
    "team_avg_points",
    "team_win_rate",
    "team_podium_rate",
    "team_top10_rate",
    "team_finish_rate",
    "team_recent_points",
    "driver_circuit_avg_finish",
    "driver_circuit_podium_rate",
    "team_circuit_avg_finish",
    "team_circuit_podium_rate",
    "career_starts",
    "team_starts",
    "circuit_experience",
    "driver_lap_pace",
    "driver_lap_consistency",
    "driver_valid_laps",
    "driver_pit_duration",
    "driver_pit_stop_count",
    "team_pit_duration",
    "team_pit_stop_count",
    "track_avg_pit_stops",
    "track_avg_lap_consistency",
    "track_dnf_rate",
    "track_overtake_proxy"
  ],
  "backfill_used_this_run": 176,
  "backfilled_races_this_run": [
    "2018-1",
    "2018-2",
    "2018-3",
    "2018-4",
    "2018-5",
    "2018-6",
    "2018-7",
    "2018-8",
    "2018-9",
    "2018-10",
    "2018-11",
    "2018-12",
    "2018-13",
    "2018-14",
    "2018-15",
    "2018-16",
    "2018-17",
    "2018-18",
    "2018-19",
    "2018-20",
    "2018-21",
    "2019-1",
    "2019-2",
    "2019-3",
    "2019-4",
    "2019-5",
    "2019-6",
    "2019-7",
    "2019-8",
    "2019-9",
    "2019-10",
    "2019-11",
    "2019-12",
    "2019-13",
    "2019-14",
    "2019-15",
    "2019-16",
    "2019-17",
    "2019-18",
    "2019-19",
    "2019-20",
    "2019-21",
    "2020-1",
    "2020-2",
    "2020-3",
    "2020-4",
    "2020-5",
    "2020-6",
    "2020-7",
    "2020-8",
    "2020-9",
    "2020-10",
    "2020-11",
    "2020-12",
    "2020-13",
    "2020-14",
    "2020-15",
    "2020-16",
    "2020-17",
    "2021-1",
    "2021-2",
    "2021-3",
    "2021-4",
    "2021-5",
    "2021-6",
    "2021-7",
    "2021-8",
    "2021-9",
    "2021-10",
    "2021-11",
    "2021-12",
    "2021-13",
    "2021-14",
    "2021-15",
    "2021-16",
    "2021-17",
    "2021-18",
    "2021-19",
    "2021-20",
    "2021-21",
    "2021-22",
    "2022-1",
    "2022-2",
    "2022-3",
    "2022-4",
    "2022-5",
    "2022-6",
    "2022-7",
    "2022-8",
    "2022-9",
    "2022-10",
    "2022-11",
    "2022-12",
    "2022-13",
    "2022-14",
    "2022-15",
    "2022-16",
    "2022-17",
    "2022-18",
    "2022-19",
    "2022-20",
    "2022-21",
    "2022-22",
    "2023-1",
    "2023-2",
    "2023-3",
    "2023-4",
    "2023-5",
    "2023-6",
    "2023-7",
    "2023-8",
    "2023-9",
    "2023-10",
    "2023-11",
    "2023-12",
    "2023-13",
    "2023-14",
    "2023-15",
    "2023-16",
    "2023-17",
    "2023-18",
    "2023-19",
    "2023-20",
    "2023-21",
    "2023-22",
    "2024-1",
    "2024-2",
    "2024-3",
    "2024-4",
    "2024-5",
    "2024-6",
    "2024-7",
    "2024-8",
    "2024-9",
    "2024-10",
    "2024-11",
    "2024-12",
    "2024-13",
    "2024-14",
    "2024-15",
    "2024-16",
    "2024-17",
    "2024-18",
    "2024-19",
    "2024-20",
    "2024-21",
    "2024-22",
    "2024-23",
    "2024-24",
    "2025-1",
    "2025-2",
    "2025-3",
    "2025-4",
    "2025-5",
    "2025-6",
    "2025-7",
    "2025-8",
    "2025-9",
    "2025-10",
    "2025-11",
    "2025-12",
    "2025-13",
    "2025-14",
    "2025-15",
    "2025-16",
    "2025-17",
    "2025-18",
    "2025-19",
    "2025-20",
    "2025-21",
    "2025-22",
    "2025-23",
    "2025-24",
    "2026-1",
    "2026-2",
    "2026-3"
  ]
}